{
  "project_info": {
    "project_number": "169368145891",
    "firebase_url": "https://gappa-tappa-fe82e-default-rtdb.firebaseio.com/",
    "project_id",: "gappa-tappa-fe82e",
    "storage_bucket": "gappa-tappa-fe82e.appspot.com"
  },
  "client": [
    {
      "client_info": {
        "mobilesdk_app_id": "1:169368145891:android:bc4a0db52ac017c74a5ad6",
        "android_client_info": {
          "package_name": "com.example.gappa_tappa"
        }
      },
      "oauth_client": [
        {
          "client_id": "169368145891-tqg5ba0ghrnipgc6v8vi1sr6n0ti878u.apps.googleusercontent.com",
          "client_type": 3
        }
      ],
      "api_key": [
        {
          "current_key": "AIzaSyDLyBRS-Fz_K5cmqLvAWBhLkF24LyN5U9A"
        }
      ],
      "services": {
        "appinvite_service": {
          "other_platform_oauth_client": [
            {
              "client_id": "169368145891-tqg5ba0ghrnipgc6v8vi1sr6n0ti878u.apps.googleusercontent.com",
              "client_type": 3
            }
          ]
        }
      }
    }
  ],
  "configuration_version": "1"
}